,Links
0,https://stackoverflow.com/questions/33839154/in-ethereum-solidity-what-is-the-purpose-of-the-memory-keyword
1,https://stackoverflow.com/questions/48219716/what-is-address0-in-solidity
2,https://stackoverflow.com/questions/58258808/data-location-must-be-memory-for-return-parameter-in-function-but-none-was-gi
3,https://stackoverflow.com/questions/65234522/warning-spdx-license-identifier-not-provided-in-source-file
4,https://stackoverflow.com/questions/37852682/are-there-null-like-thing-in-solidity
5,https://stackoverflow.com/questions/47129173/how-to-convert-uint-to-string-in-solidity
6,https://stackoverflow.com/questions/37644395/how-to-find-out-if-an-ethereum-address-is-a-contract
7,https://stackoverflow.com/questions/70051896/why-do-i-get-the-error-method-eth-maxpriorityfeepergas-not-supported-when-i-tr
8,https://stackoverflow.com/questions/68289806/no-safetransferfrom-function-in-ethers-js-contract-instance
9,https://stackoverflow.com/questions/67321111/file-import-callback-not-supported
10,https://stackoverflow.com/questions/66799537/member-push-not-found-or-not-visible-after-argument-dependent-lookup-in-addres
11,https://stackoverflow.com/questions/48562483/solidity-basics-what-msg-sender-stands-for
12,https://stackoverflow.com/questions/48848948/how-to-generate-a-random-number-in-solidity
13,https://stackoverflow.com/questions/67341914/error-send-and-transfer-are-only-available-for-objects-of-type-address-payable
14,https://stackoverflow.com/questions/51250211/converting-object-promise-to-string-in-javascript
15,https://stackoverflow.com/questions/37606839/how-to-return-mapping-list-in-solidity-ethereum-contract
16,https://stackoverflow.com/questions/56221938/module-is-extraneous-npm
17,https://stackoverflow.com/questions/53353167/npm-solc-assertionerror-err-assertion-invalid-callback-specified
18,https://stackoverflow.com/questions/59651032/why-does-solidity-suggest-me-to-implement-a-receive-ether-function-when-i-have-a
19,https://stackoverflow.com/questions/49345903/copying-of-type-struct-memory-memory-to-storage-not-yet-supported
20,https://stackoverflow.com/questions/32157648/string-concatenation-in-solidity
21,https://stackoverflow.com/questions/42716858/string-array-in-solidity
22,https://stackoverflow.com/questions/68198724/how-would-i-send-an-eth-value-to-specific-smart-contract-function-that-is-payabl
23,https://stackoverflow.com/questions/67856902/how-to-logout-of-metamask-account-using-web3-js
24,https://stackoverflow.com/questions/61388743/solidity-transaction-error-the-called-function-should-be-payable-if-you-send-va
25,https://stackoverflow.com/questions/48664570/what-approve-and-allowance-methods-are-really-doing-in-erc20-standard
26,https://stackoverflow.com/questions/52113202/how-to-set-default-parameters-to-functions-in-solidity
27,https://stackoverflow.com/questions/42520069/handling-user-profiles-in-ethereum-dapps
28,https://stackoverflow.com/questions/50201353/unhandledpromiserejectionwarning-error-the-contract-code-couldnt-be-stored-p
29,https://stackoverflow.com/questions/42230532/getting-the-address-of-a-contract-deployed-by-another-contract
30,https://stackoverflow.com/questions/49051856/is-there-a-pop-functionality-for-solidity-arrays
31,https://stackoverflow.com/questions/49449474/is-it-possible-to-modify-a-variable-value-from-another-contract
32,https://stackoverflow.com/questions/42738640/division-in-ethereum-solidity
33,https://stackoverflow.com/questions/43106483/calling-external-contract-in-solidity-dynamically
34,https://stackoverflow.com/questions/35743893/how-do-i-initialize-an-array-in-a-struct
35,https://stackoverflow.com/questions/53460851/typeerror-data-location-must-be-memory-for-parameter-in-function-but-none-wa
36,https://stackoverflow.com/questions/68126347/how-can-i-use-different-addresses-to-call-functions-in-hardhat-tests-and-scripts
37,https://stackoverflow.com/questions/63170366/solidity-solc-error-struct-containing-a-nested-mapping-cannot-be-constructed
38,https://stackoverflow.com/questions/54499116/how-do-you-compare-strings-in-solidity
39,https://stackoverflow.com/questions/68163319/failing-to-compile-multiple-solidity-versions
40,https://stackoverflow.com/questions/65500489/warning-function-state-mutability-can-be-restricted-to-pure-function
41,https://stackoverflow.com/questions/48077773/ethereum-solidity-does-require-use-any-gas
42,https://stackoverflow.com/questions/70731492/the-transaction-declared-chain-id-5777-but-the-connected-node-is-on-1337
43,https://stackoverflow.com/questions/73359845/how-to-find-out-in-advance-the-address-of-the-smart-contract-i-am-going-to-deplo
44,https://stackoverflow.com/questions/48877910/how-can-i-return-an-array-of-struct-in-solidity
45,https://stackoverflow.com/questions/43935520/who-is-the-owner-of-the-contracts-deployed-using-truffle
46,https://stackoverflow.com/questions/70104101/valueerror-method-eth-maxpriorityfeepergas-not-supported-web3-py-with-ganache
47,https://stackoverflow.com/questions/55154713/error-the-method-eth-sendtransaction-does-not-exist-is-not-available
48,https://stackoverflow.com/questions/35545625/event-triggering-in-solidity
49,https://stackoverflow.com/questions/67511692/how-to-receive-and-send-usdt-in-a-smart-contract
50,https://stackoverflow.com/questions/50632114/web3-websocket-connection-prevents-node-process-from-exiting
51,https://stackoverflow.com/questions/55345063/how-to-return-array-of-address-in-solidity
52,https://stackoverflow.com/questions/67893318/solidity-how-to-represent-bytes32-as-string
53,https://stackoverflow.com/questions/58277234/does-solidity-supports-floating-point-number
54,https://stackoverflow.com/questions/60569808/how-to-correctly-import-safemath-sol-into-contract
55,https://stackoverflow.com/questions/51664226/solidity-error-expected-identifier-got-lparen
56,https://stackoverflow.com/questions/68070253/error-truffle-is-currently-using-solc-0-5-16-but-one-or-more-of-your-contracts
57,https://stackoverflow.com/questions/38427815/what-is-the-initial-value-of-ethereum-contract-variables
58,https://stackoverflow.com/questions/50022369/upgradable-smart-contracts-with-solidity-interface-vs-library
59,https://stackoverflow.com/questions/73355583/error-failed-to-fetch-the-solidity-compiler
60,https://stackoverflow.com/questions/52737409/solidity-how-does-function-parameters-size-affects-gas-cost
61,https://stackoverflow.com/questions/70019983/what-is-difference-between-internal-and-private-in-solidity
62,https://stackoverflow.com/questions/73268120/how-to-limit-token-receiver-callers-to-accepted-token-address
63,https://stackoverflow.com/questions/72356857/how-to-receive-a-value-returned-by-a-solidity-smart-contract-transacting-functio
64,https://stackoverflow.com/questions/62073437/how-to-make-an-api-call-in-solidity
65,https://stackoverflow.com/questions/53795971/solidity-solidity-code-to-input-json-description
66,https://stackoverflow.com/questions/69089799/how-to-locally-unit-test-chainlinks-verifiable-random-function
67,https://stackoverflow.com/questions/65846335/how-to-send-erc20-token-to-smart-contract-balance
68,https://stackoverflow.com/questions/69854414/why-and-when-is-setapprovalforall-called
69,https://stackoverflow.com/questions/69785119/metamask-not-connecting-to-localhost-8545
70,https://stackoverflow.com/questions/68891025/what-is-the-solidity-interface-for-the-rsk-bridge-smart-contract
71,https://stackoverflow.com/questions/48515633/deleting-mapping-from-mapping-in-solidity
72,https://stackoverflow.com/questions/61973747/how-to-send-an-array-of-structs-from-web3js-to-solidity-contract
73,https://stackoverflow.com/questions/48217795/unhandled-rejection-error-invalid-json-rpc-response
74,https://stackoverflow.com/questions/43318077/solidity-type-address-not-convertible-to-type-uint256
